study name,n,url
Whole Genome Association Study of Bipolar Disorder,361,https://www.ncbi.nlm.nih.gov/gap/?term=Whole Genome Association Study of Bipolar Disorder
Framingham Cohort,316,https://www.ncbi.nlm.nih.gov/gap/?term=Framingham Cohort
Multi-Ethnic Study of Atherosclerosis (MESA) Cohort,274,https://www.ncbi.nlm.nih.gov/gap/?term=Multi-Ethnic Study of Atherosclerosis (MESA) Cohort
CARDIA Cohort,269,https://www.ncbi.nlm.nih.gov/gap/?term=CARDIA Cohort
GWAS on Cataract and HDL in the PMRP,268,https://www.ncbi.nlm.nih.gov/gap/?term=GWAS on Cataract and HDL in the PMRP
Cardiovascular Health Study (CHS) Cohort,258,https://www.ncbi.nlm.nih.gov/gap/?term=Cardiovascular Health Study (CHS) Cohort
NHLBI Cleveland Family Study (CFS) Candidate Gene Association Resource (CARe),219,https://www.ncbi.nlm.nih.gov/gap/?term=NHLBI Cleveland Family Study (CFS) Candidate Gene Association Resource (CARe)
Study of Addiction: Genetics and Environment (SAGE),209,https://www.ncbi.nlm.nih.gov/gap/?term=Study of Addiction: Genetics and Environment (SAGE)
Atherosclerosis Risk in Communities (ARIC) Cohort,205,https://www.ncbi.nlm.nih.gov/gap/?term=Atherosclerosis Risk in Communities (ARIC) Cohort
Jackson Heart Study (JHS) Cohort,184,https://www.ncbi.nlm.nih.gov/gap/?term=Jackson Heart Study (JHS) Cohort
Women&#39;s Health Initiative,176,https://www.ncbi.nlm.nih.gov/gap/?term=Women&#39;s Health Initiative
Genetic Epidemiology of COPD (COPDGene),167,https://www.ncbi.nlm.nih.gov/gap/?term=Genetic Epidemiology of COPD (COPDGene)
DCCT-EDIC Clinical Trial and Follow-up of Persons with Type 1 Diabetes,140,https://www.ncbi.nlm.nih.gov/gap/?term=DCCT-EDIC Clinical Trial and Follow-up of Persons with Type 1 Diabetes
Genome-Wide Association Study of Schizophrenia,93,https://www.ncbi.nlm.nih.gov/gap/?term=Genome-Wide Association Study of Schizophrenia
Molecular Genetics of Schizophrenia - nonGAIN Sample (MGS_nonGAIN),93,https://www.ncbi.nlm.nih.gov/gap/?term=Molecular Genetics of Schizophrenia - nonGAIN Sample (MGS_nonGAIN)
NHGRI Genome-Wide Association Study of Venous Thromboembolism (GWAS of VTE),87,https://www.ncbi.nlm.nih.gov/gap/?term=NHGRI Genome-Wide Association Study of Venous Thromboembolism (GWAS of VTE)
HAPO Maternal Glycemia and Birthweight GEI Study,82,https://www.ncbi.nlm.nih.gov/gap/?term=HAPO Maternal Glycemia and Birthweight GEI Study
The Genetic Architecture of Smoking and Smoking Cessation,75,https://www.ncbi.nlm.nih.gov/gap/?term=The Genetic Architecture of Smoking and Smoking Cessation
The Genomics and Randomized Trials Network (GARNET) Vitamin Intervention Stroke Prevention (VISP) trial,74,https://www.ncbi.nlm.nih.gov/gap/?term=The Genomics and Randomized Trials Network (GARNET) Vitamin Intervention Stroke Prevention (VISP) trial
CIDR: Collaborative Study on the Genetics of Alcoholism (COGA),71,https://www.ncbi.nlm.nih.gov/gap/?term=CIDR: Collaborative Study on the Genetics of Alcoholism (COGA)
GenADA/LONG/Imaging (Genetic Alzheimer&#39;s Disease Associations),64,https://www.ncbi.nlm.nih.gov/gap/?term=GenADA/LONG/Imaging (Genetic Alzheimer&#39;s Disease Associations)
NICHD Genomic and Proteomic Network for Preterm Birth Research (GPN),64,https://www.ncbi.nlm.nih.gov/gap/?term=NICHD Genomic and Proteomic Network for Preterm Birth Research (GPN)
GENEVA Study of Preterm Delivery (DNBC/Iowa),54,https://www.ncbi.nlm.nih.gov/gap/?term=GENEVA Study of Preterm Delivery (DNBC/Iowa)
Genetic Multiple Sclerosis Associations - GeneMSA,53,https://www.ncbi.nlm.nih.gov/gap/?term=Genetic Multiple Sclerosis Associations - GeneMSA
HMP Core Microbiome Sampling Protocol A (HMP-A),52,https://www.ncbi.nlm.nih.gov/gap/?term=HMP Core Microbiome Sampling Protocol A (HMP-A)
The Detroit Neighborhood Health Study (DNHS),52,https://www.ncbi.nlm.nih.gov/gap/?term=The Detroit Neighborhood Health Study (DNHS)
Dental Caries GWAS,51,https://www.ncbi.nlm.nih.gov/gap/?term=Dental Caries GWAS
"Diet, Genetic Factors, and the Gut Microbiome in Crohn&#39;s Disease",51,"https://www.ncbi.nlm.nih.gov/gap/?term=Diet, Genetic Factors, and the Gut Microbiome in Crohn&#39;s Disease"
NIA Long Life Family Study (LLFS),50,https://www.ncbi.nlm.nih.gov/gap/?term=NIA Long Life Family Study (LLFS)
A Genome-Wide Association Study of Peripheral Arterial Disease,47,https://www.ncbi.nlm.nih.gov/gap/?term=A Genome-Wide Association Study of Peripheral Arterial Disease
Genes and Blood Clotting Study (GABC),47,https://www.ncbi.nlm.nih.gov/gap/?term=Genes and Blood Clotting Study (GABC)
Genome-Wide associations of Lung Health Study (LHS),46,https://www.ncbi.nlm.nih.gov/gap/?term=Genome-Wide associations of Lung Health Study (LHS)
Genotype-Tissue Expression (GTEx),46,https://www.ncbi.nlm.nih.gov/gap/?term=Genotype-Tissue Expression (GTEx)
NHLBI GO-ESP: Heart Cohorts Exome Sequencing Project (ARIC),46,https://www.ncbi.nlm.nih.gov/gap/?term=NHLBI GO-ESP: Heart Cohorts Exome Sequencing Project (ARIC)
NEI Age-Related Eye Disease Study (AREDS),45,https://www.ncbi.nlm.nih.gov/gap/?term=NEI Age-Related Eye Disease Study (AREDS)
NHLBI GO-ESP: Heart Cohorts Exome Sequencing Project (CARDIA),43,https://www.ncbi.nlm.nih.gov/gap/?term=NHLBI GO-ESP: Heart Cohorts Exome Sequencing Project (CARDIA)
GENEVA: The Atherosclerosis Risk in Communities (ARIC) Study,42,https://www.ncbi.nlm.nih.gov/gap/?term=GENEVA: The Atherosclerosis Risk in Communities (ARIC) Study
NHLBI GO-ESP: Heart Cohorts Exome Sequencing Project (CHS),41,https://www.ncbi.nlm.nih.gov/gap/?term=NHLBI GO-ESP: Heart Cohorts Exome Sequencing Project (CHS)
The Glaucoma Genes and Environment (GLAUGEN) Study,41,https://www.ncbi.nlm.nih.gov/gap/?term=The Glaucoma Genes and Environment (GLAUGEN) Study
NHLBI GO-ESP: Heart Cohorts Exome Sequencing Project (JHS),39,https://www.ncbi.nlm.nih.gov/gap/?term=NHLBI GO-ESP: Heart Cohorts Exome Sequencing Project (JHS)
NHLBI GO-ESP: Heart Cohorts Exome Sequencing Project (MESA),39,https://www.ncbi.nlm.nih.gov/gap/?term=NHLBI GO-ESP: Heart Cohorts Exome Sequencing Project (MESA)
NHLBI GO-ESP: Women&#39;s Health Initiative Exome Sequencing Project (WHI) - WHISP,39,https://www.ncbi.nlm.nih.gov/gap/?term=NHLBI GO-ESP: Women&#39;s Health Initiative Exome Sequencing Project (WHI) - WHISP
GENEVA Genetics of Early Onset Stroke (GEOS) Study,38,https://www.ncbi.nlm.nih.gov/gap/?term=GENEVA Genetics of Early Onset Stroke (GEOS) Study
GENEVA Study of Preterm Delivery (African-American),37,https://www.ncbi.nlm.nih.gov/gap/?term=GENEVA Study of Preterm Delivery (African-American)
GWAS of Preterm Birth,37,https://www.ncbi.nlm.nih.gov/gap/?term=GWAS of Preterm Birth
Chronic Renal Insufficiency Cohort Study (CRIC),36,https://www.ncbi.nlm.nih.gov/gap/?term=Chronic Renal Insufficiency Cohort Study (CRIC)
NHLBI ARIC Candidate Gene Association Resource (CARe),36,https://www.ncbi.nlm.nih.gov/gap/?term=NHLBI ARIC Candidate Gene Association Resource (CARe)
NHLBI Jackson Heart Study Candidate Gene Association Resource (CARe),35,https://www.ncbi.nlm.nih.gov/gap/?term=NHLBI Jackson Heart Study Candidate Gene Association Resource (CARe)
NHLBI GO-ESP: Heart Cohorts Exome Sequencing Project (FHS),34,https://www.ncbi.nlm.nih.gov/gap/?term=NHLBI GO-ESP: Heart Cohorts Exome Sequencing Project (FHS)
STAMPEED: Northern Finland Birth Cohort 1966 (NFBC1966),34,https://www.ncbi.nlm.nih.gov/gap/?term=STAMPEED: Northern Finland Birth Cohort 1966 (NFBC1966)
T2D-GENES Project 2: San Antonio Mexican American Family Studies,32,https://www.ncbi.nlm.nih.gov/gap/?term=T2D-GENES Project 2: San Antonio Mexican American Family Studies
The Sea Islands Genetic Network (SIGNET),32,https://www.ncbi.nlm.nih.gov/gap/?term=The Sea Islands Genetic Network (SIGNET)
"The Vaginal Microbiome: Disease, Genetics and the Environment",32,"https://www.ncbi.nlm.nih.gov/gap/?term=The Vaginal Microbiome: Disease, Genetics and the Environment"
Cebu Longitudinal Health and Nutrition Survey (CLHNS),31,https://www.ncbi.nlm.nih.gov/gap/?term=Cebu Longitudinal Health and Nutrition Survey (CLHNS)
International Consortium to Identify Genes and Interactions Controlling Oral Clefts,31,https://www.ncbi.nlm.nih.gov/gap/?term=International Consortium to Identify Genes and Interactions Controlling Oral Clefts
SNP Health Association Resource (SHARe) Asthma Resource Project (SHARP),30,https://www.ncbi.nlm.nih.gov/gap/?term=SNP Health Association Resource (SHARe) Asthma Resource Project (SHARP)
A Multiethnic GWAS of Prostate Cancer,29,https://www.ncbi.nlm.nih.gov/gap/?term=A Multiethnic GWAS of Prostate Cancer
Neurodevelopmental Genomics: Trajectories of Complex Phenotypes,27,https://www.ncbi.nlm.nih.gov/gap/?term=Neurodevelopmental Genomics: Trajectories of Complex Phenotypes
PAGE: Multiethnic Cohort (MEC),27,https://www.ncbi.nlm.nih.gov/gap/?term=PAGE: Multiethnic Cohort (MEC)
Pediatric Cardiac Genetics Consortium (PCGC),27,https://www.ncbi.nlm.nih.gov/gap/?term=Pediatric Cardiac Genetics Consortium (PCGC)
The Neonatal Microbiome and NEC,27,https://www.ncbi.nlm.nih.gov/gap/?term=The Neonatal Microbiome and NEC
CIP: Obesity-Diabetes Familial Risk,26,https://www.ncbi.nlm.nih.gov/gap/?term=CIP: Obesity-Diabetes Familial Risk
Genomic Wide Scans for Female Osteoporosis Genes,25,https://www.ncbi.nlm.nih.gov/gap/?term=Genomic Wide Scans for Female Osteoporosis Genes
NEIGHBOR Consortium Glaucoma GWAS,25,https://www.ncbi.nlm.nih.gov/gap/?term=NEIGHBOR Consortium Glaucoma GWAS
Family Investigation of Nephropathy and Diabetes (FIND) Study,24,https://www.ncbi.nlm.nih.gov/gap/?term=Family Investigation of Nephropathy and Diabetes (FIND) Study
GWAS of Breast Cancer in the African Diaspora,24,https://www.ncbi.nlm.nih.gov/gap/?term=GWAS of Breast Cancer in the African Diaspora
The CARDIA-GENEVA Study,24,https://www.ncbi.nlm.nih.gov/gap/?term=The CARDIA-GENEVA Study
International Consortium on the Genetics of Heroin Dependence,23,https://www.ncbi.nlm.nih.gov/gap/?term=International Consortium on the Genetics of Heroin Dependence
The Human Virome and Febrile Illness in Children,23,https://www.ncbi.nlm.nih.gov/gap/?term=The Human Virome and Febrile Illness in Children
CCDG: Dental Caries and CL/P in Guatemala,21,https://www.ncbi.nlm.nih.gov/gap/?term=CCDG: Dental Caries and CL/P in Guatemala
eMERGE Network Combined Dataset,21,https://www.ncbi.nlm.nih.gov/gap/?term=eMERGE Network Combined Dataset
GWAS for Genetic Determinants of Bone Fragility,21,https://www.ncbi.nlm.nih.gov/gap/?term=GWAS for Genetic Determinants of Bone Fragility
OPPERA baseline case-control study of chronic TMJD,21,https://www.ncbi.nlm.nih.gov/gap/?term=OPPERA baseline case-control study of chronic TMJD
OPPERA prospective cohort study of first-onset TMJD,21,https://www.ncbi.nlm.nih.gov/gap/?term=OPPERA prospective cohort study of first-onset TMJD
PGRN Antidepressant Medication Pharmacogenomic Study (AMPS),21,https://www.ncbi.nlm.nih.gov/gap/?term=PGRN Antidepressant Medication Pharmacogenomic Study (AMPS)
Familial Exome Sequencing in Rare Pediatric Phenotypes,20,https://www.ncbi.nlm.nih.gov/gap/?term=Familial Exome Sequencing in Rare Pediatric Phenotypes
NHLBI GO-ESP: Heart Cohorts Exome Sequencing Project (ISGS),20,https://www.ncbi.nlm.nih.gov/gap/?term=NHLBI GO-ESP: Heart Cohorts Exome Sequencing Project (ISGS)
Whole-Genome Sequencing of Acute Myeloid Leukemia,20,https://www.ncbi.nlm.nih.gov/gap/?term=Whole-Genome Sequencing of Acute Myeloid Leukemia
A Genome Wide Scan of Lung Cancer and Smoking,19,https://www.ncbi.nlm.nih.gov/gap/?term=A Genome Wide Scan of Lung Cancer and Smoking
GAW16 Framingham and Simulated Data,19,https://www.ncbi.nlm.nih.gov/gap/?term=GAW16 Framingham and Simulated Data
Genetic Factors Linked with Renal Disease Progression (PediGFR) - CKiD,19,https://www.ncbi.nlm.nih.gov/gap/?term=Genetic Factors Linked with Renal Disease Progression (PediGFR) - CKiD
GENEVA Diabetes Study (NHS/HPFS),19,https://www.ncbi.nlm.nih.gov/gap/?term=GENEVA Diabetes Study (NHS/HPFS)
"Indianapolis-Ibadan, Nigeria Comparative Epidemiological Study of Dementia",19,"https://www.ncbi.nlm.nih.gov/gap/?term=Indianapolis-Ibadan, Nigeria Comparative Epidemiological Study of Dementia"
POLYGEN,19,https://www.ncbi.nlm.nih.gov/gap/?term=POLYGEN
University of Miami Study on Genetics of Autism and Related Disorders (AutismDisorders),19,https://www.ncbi.nlm.nih.gov/gap/?term=University of Miami Study on Genetics of Autism and Related Disorders (AutismDisorders)
FaceBase Study of Facial Shape in Tanzania: CIDR,18,https://www.ncbi.nlm.nih.gov/gap/?term=FaceBase Study of Facial Shape in Tanzania: CIDR
NHLBI GO-ESP: Lung Cohorts Exome Sequencing Project (Asthma),18,https://www.ncbi.nlm.nih.gov/gap/?term=NHLBI GO-ESP: Lung Cohorts Exome Sequencing Project (Asthma)
PediGFR - 4C Study Cohort,18,https://www.ncbi.nlm.nih.gov/gap/?term=PediGFR - 4C Study Cohort
PediGFR - ESCAPE Trial Cohort,18,https://www.ncbi.nlm.nih.gov/gap/?term=PediGFR - ESCAPE Trial Cohort
eMERGE Genome-Wide Association Studies of Obesity (Metabochip),17,https://www.ncbi.nlm.nih.gov/gap/?term=eMERGE Genome-Wide Association Studies of Obesity (Metabochip)
Geisinger eMERGE - Abdominal Aortic Aneurysm Project (AAAP),17,https://www.ncbi.nlm.nih.gov/gap/?term=Geisinger eMERGE - Abdominal Aortic Aneurysm Project (AAAP)
Geisinger eMERGE - MyCode Project,17,https://www.ncbi.nlm.nih.gov/gap/?term=Geisinger eMERGE - MyCode Project
High Density SNP Association Analysis of Melanoma,17,https://www.ncbi.nlm.nih.gov/gap/?term=High Density SNP Association Analysis of Melanoma
Columbia University Study of Caribbean Hispanics and Late Onset Alzheimer&#39;s disease,16,https://www.ncbi.nlm.nih.gov/gap/?term=Columbia University Study of Caribbean Hispanics and Late Onset Alzheimer&#39;s disease
Cutaneous Microbiome in Psoriasis (HMP Demonstration Study),16,https://www.ncbi.nlm.nih.gov/gap/?term=Cutaneous Microbiome in Psoriasis (HMP Demonstration Study)
PGRN-RIKEN NSABP Prevention Study,16,https://www.ncbi.nlm.nih.gov/gap/?term=PGRN-RIKEN NSABP Prevention Study
Resource for Genetic Epidemiology Research on Aging (GERA),16,https://www.ncbi.nlm.nih.gov/gap/?term=Resource for Genetic Epidemiology Research on Aging (GERA)
Skin Microbiome in Disease States: Atopic Dermatitis and Immunodeficiency,16,https://www.ncbi.nlm.nih.gov/gap/?term=Skin Microbiome in Disease States: Atopic Dermatitis and Immunodeficiency
CPMCRI Breast Health Cohort,15,https://www.ncbi.nlm.nih.gov/gap/?term=CPMCRI Breast Health Cohort
Group Health/UW Aging and Dementia eMERGE Study,15,https://www.ncbi.nlm.nih.gov/gap/?term=Group Health/UW Aging and Dementia eMERGE Study
NHLBI GO-ESP: Lung Cohorts Exome Sequencing Project (Lung Health Study of Chronic Obstructive Pulmonary Disease),15,https://www.ncbi.nlm.nih.gov/gap/?term=NHLBI GO-ESP: Lung Cohorts Exome Sequencing Project (Lung Health Study of Chronic Obstructive Pulmonary Disease)
"Search for Susceptibility Genes for Diabetic Nephropathy in Type 1 Diabetes (GoKinD study participants), GAIN",15,"https://www.ncbi.nlm.nih.gov/gap/?term=Search for Susceptibility Genes for Diabetic Nephropathy in Type 1 Diabetes (GoKinD study participants), GAIN"
The Effect of the Menstrual Cycle on the Normal Human Breast,15,https://www.ncbi.nlm.nih.gov/gap/?term=The Effect of the Menstrual Cycle on the Normal Human Breast
A Genome-Wide Association Study in Breast Cancer Patients from the SUCCESS Trial,14,https://www.ncbi.nlm.nih.gov/gap/?term=A Genome-Wide Association Study in Breast Cancer Patients from the SUCCESS Trial
Human Gut Microbiome in Amish Obesity,14,https://www.ncbi.nlm.nih.gov/gap/?term=Human Gut Microbiome in Amish Obesity
NIDDK Genetics of Metabolic Syndrome in an Island Population,14,https://www.ncbi.nlm.nih.gov/gap/?term=NIDDK Genetics of Metabolic Syndrome in an Island Population
PGRN-RIKEN MA.27 Mayo Aromatase Inhibitor Musculoskeletal Adverse Events Study,14,https://www.ncbi.nlm.nih.gov/gap/?term=PGRN-RIKEN MA.27 Mayo Aromatase Inhibitor Musculoskeletal Adverse Events Study
"Search for Susceptibility Genes for Diabetic Nephropathy in Type 1 Diabetes (GoKinD study participants and parents), NIDDK",14,"https://www.ncbi.nlm.nih.gov/gap/?term=Search for Susceptibility Genes for Diabetic Nephropathy in Type 1 Diabetes (GoKinD study participants and parents), NIDDK"
International Multi-Center ADHD Genetics Project,13,https://www.ncbi.nlm.nih.gov/gap/?term=International Multi-Center ADHD Genetics Project
NIH Exome Sequencing of Familial Amyotrophic Lateral Sclerosis Project,12,https://www.ncbi.nlm.nih.gov/gap/?term=NIH Exome Sequencing of Familial Amyotrophic Lateral Sclerosis Project
PAGE: Epidemiologic Architecture for Genes Linked to Environment (EAGLE) - BioVU Cancer Project,12,https://www.ncbi.nlm.nih.gov/gap/?term=PAGE: Epidemiologic Architecture for Genes Linked to Environment (EAGLE) - BioVU Cancer Project
Pharmacogenomics of Anti-Platelet Intervention (PAPI) Study,12,https://www.ncbi.nlm.nih.gov/gap/?term=Pharmacogenomics of Anti-Platelet Intervention (PAPI) Study
Starr County Health Studies&#39; Genetics of Diabetes Study,12,https://www.ncbi.nlm.nih.gov/gap/?term=Starr County Health Studies&#39; Genetics of Diabetes Study
A Study of the Genetic Causes of Complex Pediatric Disorders,11,https://www.ncbi.nlm.nih.gov/gap/?term=A Study of the Genetic Causes of Complex Pediatric Disorders
CIDR: Genome Wide Association Study in Familial Parkinson Disease (PD),11,https://www.ncbi.nlm.nih.gov/gap/?term=CIDR: Genome Wide Association Study in Familial Parkinson Disease (PD)
NINDS Parkinson&#39;s Disease,11,https://www.ncbi.nlm.nih.gov/gap/?term=NINDS Parkinson&#39;s Disease
NINDS Repository Motor Neuron Disease/ALS Study,11,https://www.ncbi.nlm.nih.gov/gap/?term=NINDS Repository Motor Neuron Disease/ALS Study
Study of Melanoma Risk in Australia and the United Kingdom,11,https://www.ncbi.nlm.nih.gov/gap/?term=Study of Melanoma Risk in Australia and the United Kingdom
Discovery of Non-ETS Gene Fusions using RNA Sequencing,10,https://www.ncbi.nlm.nih.gov/gap/?term=Discovery of Non-ETS Gene Fusions using RNA Sequencing
FusionSeq: Finding Fusions with Paired-End RNA-Seq,10,https://www.ncbi.nlm.nih.gov/gap/?term=FusionSeq: Finding Fusions with Paired-End RNA-Seq
The Genomic Complexity of Primary Human Prostate Cancer,10,https://www.ncbi.nlm.nih.gov/gap/?term=The Genomic Complexity of Primary Human Prostate Cancer
Urethral Microbiome of Adolescent Males,10,https://www.ncbi.nlm.nih.gov/gap/?term=Urethral Microbiome of Adolescent Males
The Gene Partnership (TGP) - eMERGE Data,9,https://www.ncbi.nlm.nih.gov/gap/?term=The Gene Partnership (TGP) - eMERGE Data
Genome-Wide Association Study in Systemic Sclerosis,8,https://www.ncbi.nlm.nih.gov/gap/?term=Genome-Wide Association Study in Systemic Sclerosis
Multiethnic Cohort (MEC) Breast Cancer Genetics,8,https://www.ncbi.nlm.nih.gov/gap/?term=Multiethnic Cohort (MEC) Breast Cancer Genetics
NINDS Repository Neurologically Normal Control Collection,8,https://www.ncbi.nlm.nih.gov/gap/?term=NINDS Repository Neurologically Normal Control Collection
Vanderbilt Genome-Electronic Records (VGER) Project: QRS Duration,8,https://www.ncbi.nlm.nih.gov/gap/?term=Vanderbilt Genome-Electronic Records (VGER) Project: QRS Duration
Whole Genome Association Twin Study of Myopia and Glaucoma Risk Factors,8,https://www.ncbi.nlm.nih.gov/gap/?term=Whole Genome Association Twin Study of Myopia and Glaucoma Risk Factors
Autosomal recessive TPP2 mutations cause a new human immunodeficiency,7,https://www.ncbi.nlm.nih.gov/gap/?term=Autosomal recessive TPP2 mutations cause a new human immunodeficiency
CIDR: NGRC Parkinson&#39;s Disease Study,7,https://www.ncbi.nlm.nih.gov/gap/?term=CIDR: NGRC Parkinson&#39;s Disease Study
Genetic Associations in Idiopathic Talipes Equinovarus (GAIT),7,https://www.ncbi.nlm.nih.gov/gap/?term=Genetic Associations in Idiopathic Talipes Equinovarus (GAIT)
Genetic Studies in the Hutterites: Whole Genome Sequencing of 16 Individuals,7,https://www.ncbi.nlm.nih.gov/gap/?term=Genetic Studies in the Hutterites: Whole Genome Sequencing of 16 Individuals
Genome-Wide Association Study of Anorexia Nervosa,7,https://www.ncbi.nlm.nih.gov/gap/?term=Genome-Wide Association Study of Anorexia Nervosa
Ischemic Stroke Genetics Study (ISGS),7,https://www.ncbi.nlm.nih.gov/gap/?term=Ischemic Stroke Genetics Study (ISGS)
NHLBI GO-ESP: Heart Cohorts Exome Sequencing Project (SWISS),7,https://www.ncbi.nlm.nih.gov/gap/?term=NHLBI GO-ESP: Heart Cohorts Exome Sequencing Project (SWISS)
NINDS Parkinsonism Study,7,https://www.ncbi.nlm.nih.gov/gap/?term=NINDS Parkinsonism Study
Osteosarcoma Genomics,7,https://www.ncbi.nlm.nih.gov/gap/?term=Osteosarcoma Genomics
The Collaborative Study on the Genetics of Alcoholism (COGA),7,https://www.ncbi.nlm.nih.gov/gap/?term=The Collaborative Study on the Genetics of Alcoholism (COGA)
The Microbial Ecology of Bacterial Vaginosis,7,https://www.ncbi.nlm.nih.gov/gap/?term=The Microbial Ecology of Bacterial Vaginosis
Whole Genome Profiling to Detect Schizophrenia Methylation Markers,7,https://www.ncbi.nlm.nih.gov/gap/?term=Whole Genome Profiling to Detect Schizophrenia Methylation Markers
A Whole Genome Association Search for Type 2 Diabetes Genes in African Americans,6,https://www.ncbi.nlm.nih.gov/gap/?term=A Whole Genome Association Search for Type 2 Diabetes Genes in African Americans
Alcohol Dependence GWAS in European- and African Americans,6,https://www.ncbi.nlm.nih.gov/gap/?term=Alcohol Dependence GWAS in European- and African Americans
Comparison of custom capture for targeted next generation DNA sequencing,6,https://www.ncbi.nlm.nih.gov/gap/?term=Comparison of custom capture for targeted next generation DNA sequencing
Drug Resistant Hypertension in African Americans&#39; Exome,6,https://www.ncbi.nlm.nih.gov/gap/?term=Drug Resistant Hypertension in African Americans&#39; Exome
Foregut Microbiome in Development of Esophageal Adenocarcinoma,6,https://www.ncbi.nlm.nih.gov/gap/?term=Foregut Microbiome in Development of Esophageal Adenocarcinoma
Genentech Lung Cancer Sequencing,6,https://www.ncbi.nlm.nih.gov/gap/?term=Genentech Lung Cancer Sequencing
Genetic Basis of XMEN Disease,6,https://www.ncbi.nlm.nih.gov/gap/?term=Genetic Basis of XMEN Disease
Genetic Epidemiology Network of Salt Sensitivity (GenSalt),6,https://www.ncbi.nlm.nih.gov/gap/?term=Genetic Epidemiology Network of Salt Sensitivity (GenSalt)
Genetic Variation and Signatures of Natural Selection in Diverse Africans,6,https://www.ncbi.nlm.nih.gov/gap/?term=Genetic Variation and Signatures of Natural Selection in Diverse Africans
Genetics Consortium for Late Onset of Alzheimer&#39;s Disease (LOAD CIDR Project),6,https://www.ncbi.nlm.nih.gov/gap/?term=Genetics Consortium for Late Onset of Alzheimer&#39;s Disease (LOAD CIDR Project)
Genetics of Schizophrenia in an Ashkenazi Jewish Case-Control Cohort,6,https://www.ncbi.nlm.nih.gov/gap/?term=Genetics of Schizophrenia in an Ashkenazi Jewish Case-Control Cohort
GWAS of Familial Lung Cancer,6,https://www.ncbi.nlm.nih.gov/gap/?term=GWAS of Familial Lung Cancer
High Density SNP Association Analysis of Lung Cancer,6,https://www.ncbi.nlm.nih.gov/gap/?term=High Density SNP Association Analysis of Lung Cancer
NHGRI Tumor Sequencing Project (Lung Adenocarcinoma),6,https://www.ncbi.nlm.nih.gov/gap/?term=NHGRI Tumor Sequencing Project (Lung Adenocarcinoma)
NHLBI GO-ESP: Early-Onset Myocardial Infarction (Broad EOMI),6,https://www.ncbi.nlm.nih.gov/gap/?term=NHLBI GO-ESP: Early-Onset Myocardial Infarction (Broad EOMI)
NHLBI GO-ESP: Lung Cohorts Exome Sequencing Project (Cystic Fibrosis),6,https://www.ncbi.nlm.nih.gov/gap/?term=NHLBI GO-ESP: Lung Cohorts Exome Sequencing Project (Cystic Fibrosis)
NINDS Repository Cerebrovascular Disease/Stroke Study,6,https://www.ncbi.nlm.nih.gov/gap/?term=NINDS Repository Cerebrovascular Disease/Stroke Study
Northwestern NUgene Project: Type 2 Diabetes,6,https://www.ncbi.nlm.nih.gov/gap/?term=Northwestern NUgene Project: Type 2 Diabetes
Whole Genome Sequencing of Triple Negative Breast Cancer,6,https://www.ncbi.nlm.nih.gov/gap/?term=Whole Genome Sequencing of Triple Negative Breast Cancer
A Novel Recurrent Mutation in MITF Predisposes to Familial and Sporadic Melanoma,5,https://www.ncbi.nlm.nih.gov/gap/?term=A Novel Recurrent Mutation in MITF Predisposes to Familial and Sporadic Melanoma
ADGC Genome Wide Association Study,5,https://www.ncbi.nlm.nih.gov/gap/?term=ADGC Genome Wide Association Study
AMD-MMAP Cohort Study: A Joint Genome Wide Association Study,5,https://www.ncbi.nlm.nih.gov/gap/?term=AMD-MMAP Cohort Study: A Joint Genome Wide Association Study
CCHMC - eMERGE Data,5,https://www.ncbi.nlm.nih.gov/gap/?term=CCHMC - eMERGE Data
CTLA4 haploinsufficiency and immune dysregulation,5,https://www.ncbi.nlm.nih.gov/gap/?term=CTLA4 haploinsufficiency and immune dysregulation
Effect of Crohn&#39;s Disease Risk Alleles on Enteric Microbiota,5,https://www.ncbi.nlm.nih.gov/gap/?term=Effect of Crohn&#39;s Disease Risk Alleles on Enteric Microbiota
eMERGE Genome-Wide Association Studies of Obesity,5,https://www.ncbi.nlm.nih.gov/gap/?term=eMERGE Genome-Wide Association Studies of Obesity
Genes Contributing to Nicotine Dependence in Humans,5,https://www.ncbi.nlm.nih.gov/gap/?term=Genes Contributing to Nicotine Dependence in Humans
Genome-Wide Association Study of Amyotrophic Lateral Sclerosis in Finland,5,https://www.ncbi.nlm.nih.gov/gap/?term=Genome-Wide Association Study of Amyotrophic Lateral Sclerosis in Finland
Genome-Wide Association Study of Plasma Lp(a) Levels,5,https://www.ncbi.nlm.nih.gov/gap/?term=Genome-Wide Association Study of Plasma Lp(a) Levels
Genome Wide Association Study in Familial Crohn&#39;s Disease,5,https://www.ncbi.nlm.nih.gov/gap/?term=Genome Wide Association Study in Familial Crohn&#39;s Disease
Genomic Sequencing of Colorectal Adenocarcinomas,5,https://www.ncbi.nlm.nih.gov/gap/?term=Genomic Sequencing of Colorectal Adenocarcinomas
HeLa S3 (CCL-2.2) HiC Sequencing,5,https://www.ncbi.nlm.nih.gov/gap/?term=HeLa S3 (CCL-2.2) HiC Sequencing
HIV-Resistant People with Hemophilia,5,https://www.ncbi.nlm.nih.gov/gap/?term=HIV-Resistant People with Hemophilia
Human Gut Microbiome in Crohn&#39;s Disease,5,https://www.ncbi.nlm.nih.gov/gap/?term=Human Gut Microbiome in Crohn&#39;s Disease
Integration of Genomics and Transcriptomics in unselected Twins and in Major Depression,5,https://www.ncbi.nlm.nih.gov/gap/?term=Integration of Genomics and Transcriptomics in unselected Twins and in Major Depression
NHLBI GO-ESP Family Studies: Idiopathic Bronchiectasis,5,https://www.ncbi.nlm.nih.gov/gap/?term=NHLBI GO-ESP Family Studies: Idiopathic Bronchiectasis
NHLBI GO-ESP: Family Studies (Dilated Cardiomyopathy),5,https://www.ncbi.nlm.nih.gov/gap/?term=NHLBI GO-ESP: Family Studies (Dilated Cardiomyopathy)
NINDS Stroke Genetics Network (SiGN),5,https://www.ncbi.nlm.nih.gov/gap/?term=NINDS Stroke Genetics Network (SiGN)
Prostate Cancer Genome Sequencing Project,5,https://www.ncbi.nlm.nih.gov/gap/?term=Prostate Cancer Genome Sequencing Project
The Familial Intracranial Aneurysm Linkage Study (FIA),5,https://www.ncbi.nlm.nih.gov/gap/?term=The Familial Intracranial Aneurysm Linkage Study (FIA)
The Role of the Gut Microbiota in Ulcerative Colitis,5,https://www.ncbi.nlm.nih.gov/gap/?term=The Role of the Gut Microbiota in Ulcerative Colitis
Towards a Genomic Understanding of Myeloma,5,https://www.ncbi.nlm.nih.gov/gap/?term=Towards a Genomic Understanding of Myeloma
Whole Exome Sequencing for Colorectal Cancer,5,https://www.ncbi.nlm.nih.gov/gap/?term=Whole Exome Sequencing for Colorectal Cancer
Whole Exome Sequencing for Familial Intracranial Aneurysm (FIA I-II) Study,5,https://www.ncbi.nlm.nih.gov/gap/?term=Whole Exome Sequencing for Familial Intracranial Aneurysm (FIA I-II) Study
A Family-Based Study of Genes and Environment in Young-Onset Breast Cancer,4,https://www.ncbi.nlm.nih.gov/gap/?term=A Family-Based Study of Genes and Environment in Young-Onset Breast Cancer
A Genome-Wide Association Study of Fuchs&#39; Endothelial Corneal Dystrophy (FECD),4,https://www.ncbi.nlm.nih.gov/gap/?term=A Genome-Wide Association Study of Fuchs&#39; Endothelial Corneal Dystrophy (FECD)
Acquired Copy Number Alterations in Adult Acute Myeloid Leukemia Genomes,4,https://www.ncbi.nlm.nih.gov/gap/?term=Acquired Copy Number Alterations in Adult Acute Myeloid Leukemia Genomes
Alcohol Research using Australian twins and their families (OZ-ALC),4,https://www.ncbi.nlm.nih.gov/gap/?term=Alcohol Research using Australian twins and their families (OZ-ALC)
ARDSnet and the iSPAAR Consortium: Genetic Studies,4,https://www.ncbi.nlm.nih.gov/gap/?term=ARDSnet and the iSPAAR Consortium: Genetic Studies
ARRA Autism Sequencing Collaboration,4,https://www.ncbi.nlm.nih.gov/gap/?term=ARRA Autism Sequencing Collaboration
Asian Indian Diabetic Heart Study (AIDHS),4,https://www.ncbi.nlm.nih.gov/gap/?term=Asian Indian Diabetic Heart Study (AIDHS)
Autopsy-Confirmed Parkinson Disease GWAS Consortium (APDGC),4,https://www.ncbi.nlm.nih.gov/gap/?term=Autopsy-Confirmed Parkinson Disease GWAS Consortium (APDGC)
BrainCloud: Data from Human Postmortem Brain Across the Lifespan,4,https://www.ncbi.nlm.nih.gov/gap/?term=BrainCloud: Data from Human Postmortem Brain Across the Lifespan
CALGB 80303: Genome-Wide Association Study of Advanced Pancreatic Cancer Patients,4,https://www.ncbi.nlm.nih.gov/gap/?term=CALGB 80303: Genome-Wide Association Study of Advanced Pancreatic Cancer Patients
Characterization of a Metastatic Cervical Cancer Using NGS,4,https://www.ncbi.nlm.nih.gov/gap/?term=Characterization of a Metastatic Cervical Cancer Using NGS
Characterization of Pancreatic Adenocarcinoma Patients Using NGS,4,https://www.ncbi.nlm.nih.gov/gap/?term=Characterization of Pancreatic Adenocarcinoma Patients Using NGS
Chinese Alternating Hemiplegia of Childhood (AHC) Disease Study,4,https://www.ncbi.nlm.nih.gov/gap/?term=Chinese Alternating Hemiplegia of Childhood (AHC) Disease Study
Cholesterol and Pharmacogenetics (CAP) Study,4,https://www.ncbi.nlm.nih.gov/gap/?term=Cholesterol and Pharmacogenetics (CAP) Study
CHOP Control CNV Study,4,https://www.ncbi.nlm.nih.gov/gap/?term=CHOP Control CNV Study
CIDR Whole Exome Sequencing in Joubert Syndrome,4,https://www.ncbi.nlm.nih.gov/gap/?term=CIDR Whole Exome Sequencing in Joubert Syndrome
Diabetes Prevention Program Genetics (DPPG),4,https://www.ncbi.nlm.nih.gov/gap/?term=Diabetes Prevention Program Genetics (DPPG)
DNA Methylation age and mortality in the Lothian Birth Cohorts,4,https://www.ncbi.nlm.nih.gov/gap/?term=DNA Methylation age and mortality in the Lothian Birth Cohorts
DNA Methylation Analysis of Prostate Cancer,4,https://www.ncbi.nlm.nih.gov/gap/?term=DNA Methylation Analysis of Prostate Cancer
eMERGE Network Study of Resistant Hypertension,4,https://www.ncbi.nlm.nih.gov/gap/?term=eMERGE Network Study of Resistant Hypertension
Epigenetic Marks as Peripheral Biomarkers of Autism,4,https://www.ncbi.nlm.nih.gov/gap/?term=Epigenetic Marks as Peripheral Biomarkers of Autism
Exome Chip Study of NIMH Controls,4,https://www.ncbi.nlm.nih.gov/gap/?term=Exome Chip Study of NIMH Controls
Exome Sequencing in Schizophrenia Families,4,https://www.ncbi.nlm.nih.gov/gap/?term=Exome Sequencing in Schizophrenia Families
Genetic Basis of Pulmonary Non-tuberculous Mycobacterial Infections,4,https://www.ncbi.nlm.nih.gov/gap/?term=Genetic Basis of Pulmonary Non-tuberculous Mycobacterial Infections
Genetic Epidemiology of Refractive Error in the KORA Study,4,https://www.ncbi.nlm.nih.gov/gap/?term=Genetic Epidemiology of Refractive Error in the KORA Study
Genetic Measurement of Memory B-cell Recall Using Antibody Repertoire Sequencing,4,https://www.ncbi.nlm.nih.gov/gap/?term=Genetic Measurement of Memory B-cell Recall Using Antibody Repertoire Sequencing
Genetics of Neuropsychiatric and Neurodevelopmental Disorders,4,https://www.ncbi.nlm.nih.gov/gap/?term=Genetics of Neuropsychiatric and Neurodevelopmental Disorders
Genome-Wide Association Study of Neuroblastoma,4,https://www.ncbi.nlm.nih.gov/gap/?term=Genome-Wide Association Study of Neuroblastoma
Genome-Wide Association Study of Relapse of Childhood Acute Lymphoblastic Leukemia,4,https://www.ncbi.nlm.nih.gov/gap/?term=Genome-Wide Association Study of Relapse of Childhood Acute Lymphoblastic Leukemia
Genome-Wide Association Study of Serum YKL-40 Levels,4,https://www.ncbi.nlm.nih.gov/gap/?term=Genome-Wide Association Study of Serum YKL-40 Levels
Genome Variations Among the Aboriginals in Malaysia,4,https://www.ncbi.nlm.nih.gov/gap/?term=Genome Variations Among the Aboriginals in Malaysia
"Genome, Epigenome and RNA Sequences of MZ Twins Discordant for MS",4,"https://www.ncbi.nlm.nih.gov/gap/?term=Genome, Epigenome and RNA Sequences of MZ Twins Discordant for MS"
Genomic Origins and Admixture in Latinos (GOAL),4,https://www.ncbi.nlm.nih.gov/gap/?term=Genomic Origins and Admixture in Latinos (GOAL)
Genomic Sequencing of Solitary Fibrous Tumors,4,https://www.ncbi.nlm.nih.gov/gap/?term=Genomic Sequencing of Solitary Fibrous Tumors
Health and Retirement Study (HRS),4,https://www.ncbi.nlm.nih.gov/gap/?term=Health and Retirement Study (HRS)
Hepatitis C Antiviral Long-term Treatment Against Cirrhosis (HALT-C),4,https://www.ncbi.nlm.nih.gov/gap/?term=Hepatitis C Antiviral Long-term Treatment Against Cirrhosis (HALT-C)
Identification of Recurrent SMO and BRAF Mutations in Ameloblastomas,4,https://www.ncbi.nlm.nih.gov/gap/?term=Identification of Recurrent SMO and BRAF Mutations in Ameloblastomas
IPM BioBank GWAS,4,https://www.ncbi.nlm.nih.gov/gap/?term=IPM BioBank GWAS
Italian PBC Study,4,https://www.ncbi.nlm.nih.gov/gap/?term=Italian PBC Study
Joint Genome-Wide Gene Expression and GWAS Mapping in the MGS Dataset,4,https://www.ncbi.nlm.nih.gov/gap/?term=Joint Genome-Wide Gene Expression and GWAS Mapping in the MGS Dataset
L1-seq and genome-wide SNP genotyping in a multiethnic Asian population,4,https://www.ncbi.nlm.nih.gov/gap/?term=L1-seq and genome-wide SNP genotyping in a multiethnic Asian population
Medulloblastoma exome sequence analysis,4,https://www.ncbi.nlm.nih.gov/gap/?term=Medulloblastoma exome sequence analysis
Methotrexate Clearance GWAS,4,https://www.ncbi.nlm.nih.gov/gap/?term=Methotrexate Clearance GWAS
NEI Age-Related Eye Disease Study (AREDS) - Genetic Variation in Refractive Error Substudy,4,https://www.ncbi.nlm.nih.gov/gap/?term=NEI Age-Related Eye Disease Study (AREDS) - Genetic Variation in Refractive Error Substudy
NEI Ocular Hypertension Treatment Study (OHTS),4,https://www.ncbi.nlm.nih.gov/gap/?term=NEI Ocular Hypertension Treatment Study (OHTS)
Next Generation Mendelian Genetics: Auriculocondylar Syndrome (ACS),4,https://www.ncbi.nlm.nih.gov/gap/?term=Next Generation Mendelian Genetics: Auriculocondylar Syndrome (ACS)
Next Generation Mendelian Genetics: Ehlers-Danlos Syndrome Type VIII,4,https://www.ncbi.nlm.nih.gov/gap/?term=Next Generation Mendelian Genetics: Ehlers-Danlos Syndrome Type VIII
Next Generation Mendelian Genetics: Hereditary Neurological Disorders,4,https://www.ncbi.nlm.nih.gov/gap/?term=Next Generation Mendelian Genetics: Hereditary Neurological Disorders
NGS in Advanced Cancers,4,https://www.ncbi.nlm.nih.gov/gap/?term=NGS in Advanced Cancers
NHLBI GO-ESP Family Studies: Pulmonary Arterial Hypertension,4,https://www.ncbi.nlm.nih.gov/gap/?term=NHLBI GO-ESP Family Studies: Pulmonary Arterial Hypertension
NHLBI GO-ESP: Family Studies (Aortic Disease),4,https://www.ncbi.nlm.nih.gov/gap/?term=NHLBI GO-ESP: Family Studies (Aortic Disease)
NHLBI GO-ESP: Family Studies (Atypical Cystic Fibrosis),4,https://www.ncbi.nlm.nih.gov/gap/?term=NHLBI GO-ESP: Family Studies (Atypical Cystic Fibrosis)
NHLBI GO-ESP: Family Studies (Hematological Cancers),4,https://www.ncbi.nlm.nih.gov/gap/?term=NHLBI GO-ESP: Family Studies (Hematological Cancers)
NHLBI GO-ESP: Family Studies (Mendelian Lipid Disorders),4,https://www.ncbi.nlm.nih.gov/gap/?term=NHLBI GO-ESP: Family Studies (Mendelian Lipid Disorders)
NHLBI GO-ESP: Family Studies: (Familial Atrial Fibrillation),4,https://www.ncbi.nlm.nih.gov/gap/?term=NHLBI GO-ESP: Family Studies: (Familial Atrial Fibrillation)
NIDDK Gene discovery in FSGS,4,https://www.ncbi.nlm.nih.gov/gap/?term=NIDDK Gene discovery in FSGS
NIDDK Gene discovery in VUR,4,https://www.ncbi.nlm.nih.gov/gap/?term=NIDDK Gene discovery in VUR
OMRF SLEGEN GWAS Data from European-American Women with Lupus,4,https://www.ncbi.nlm.nih.gov/gap/?term=OMRF SLEGEN GWAS Data from European-American Women with Lupus
PGC: the PUWMa GWAS of ADHD,4,https://www.ncbi.nlm.nih.gov/gap/?term=PGC: the PUWMa GWAS of ADHD
PGRN-RIKEN: Identification of Genetic Predictors of ACE Inhibitor-Associated Angioedema,4,https://www.ncbi.nlm.nih.gov/gap/?term=PGRN-RIKEN: Identification of Genetic Predictors of ACE Inhibitor-Associated Angioedema
PGRN-RIKEN: Rate Control Therapy in Patients with Atrial Fibrillation,4,https://www.ncbi.nlm.nih.gov/gap/?term=PGRN-RIKEN: Rate Control Therapy in Patients with Atrial Fibrillation
PREDICT-HD Huntington Disease Study,4,https://www.ncbi.nlm.nih.gov/gap/?term=PREDICT-HD Huntington Disease Study
Risk Assessment of Cerebrovascular Events (RACE) Study,4,https://www.ncbi.nlm.nih.gov/gap/?term=Risk Assessment of Cerebrovascular Events (RACE) Study
RNA-Seq studies of Gene Expression in Cells and Networks in FI and ACC in Autism,4,https://www.ncbi.nlm.nih.gov/gap/?term=RNA-Seq studies of Gene Expression in Cells and Networks in FI and ACC in Autism
Sensitivity to the subjective effects of amphetamine,4,https://www.ncbi.nlm.nih.gov/gap/?term=Sensitivity to the subjective effects of amphetamine
TARGET: Acute Lymphoblastic Leukemia (ALL) Expansion Phase 2,4,https://www.ncbi.nlm.nih.gov/gap/?term=TARGET: Acute Lymphoblastic Leukemia (ALL) Expansion Phase 2
TARGET: Acute Lymphoblastic Leukemia (ALL) Pilot Phase 1,4,https://www.ncbi.nlm.nih.gov/gap/?term=TARGET: Acute Lymphoblastic Leukemia (ALL) Pilot Phase 1
TARGET: Neuroblastoma (NBL),4,https://www.ncbi.nlm.nih.gov/gap/?term=TARGET: Neuroblastoma (NBL)
Targeted Sequencing of GWAS Loci in Cleft Lip and Palate,4,https://www.ncbi.nlm.nih.gov/gap/?term=Targeted Sequencing of GWAS Loci in Cleft Lip and Palate
Temporal Dissection of Tumorigenesis in Primary Cancers,4,https://www.ncbi.nlm.nih.gov/gap/?term=Temporal Dissection of Tumorigenesis in Primary Cancers
The Finland-United States Investigation of NIDDM Genetics (FUSION) Study,4,https://www.ncbi.nlm.nih.gov/gap/?term=The Finland-United States Investigation of NIDDM Genetics (FUSION) Study
The Mutational Landscape of Head and Neck Squamous Cell Carcinoma,4,https://www.ncbi.nlm.nih.gov/gap/?term=The Mutational Landscape of Head and Neck Squamous Cell Carcinoma
University of Michigan Clinical Sequencing Exploratory Research (CSER),4,https://www.ncbi.nlm.nih.gov/gap/?term=University of Michigan Clinical Sequencing Exploratory Research (CSER)
Whole-Genome and Exome Sequencing in Clear-Cell Renal Cell Carcinoma,4,https://www.ncbi.nlm.nih.gov/gap/?term=Whole-Genome and Exome Sequencing in Clear-Cell Renal Cell Carcinoma
Whole Genome Association Study of Systemic Lupus Erythematosus,4,https://www.ncbi.nlm.nih.gov/gap/?term=Whole Genome Association Study of Systemic Lupus Erythematosus
Whole Genome Association Study of Visceral Adiposity in the HABC Study,4,https://www.ncbi.nlm.nih.gov/gap/?term=Whole Genome Association Study of Visceral Adiposity in the HABC Study
Whole Genome Comparisons of Breast Cancers and their Xenotransplants,4,https://www.ncbi.nlm.nih.gov/gap/?term=Whole Genome Comparisons of Breast Cancers and their Xenotransplants
Abundant Quantitative Trait Loci Exist for DNA Methylation and Gene Expression in Human Brain,3,https://www.ncbi.nlm.nih.gov/gap/?term=Abundant Quantitative Trait Loci Exist for DNA Methylation and Gene Expression in Human Brain
Alzheimer&#39;s Disease Sequencing Project (ADSP),3,https://www.ncbi.nlm.nih.gov/gap/?term=Alzheimer&#39;s Disease Sequencing Project (ADSP)
Autism Genome Project (AGP) Consortium - GWAS - Stage I and II,3,https://www.ncbi.nlm.nih.gov/gap/?term=Autism Genome Project (AGP) Consortium - GWAS - Stage I and II
Autosomal recessive PGM3 mutations cause a new Congenital Disorder of Glycosylation,3,https://www.ncbi.nlm.nih.gov/gap/?term=Autosomal recessive PGM3 mutations cause a new Congenital Disorder of Glycosylation
B and T Cell Determinants of Influenza Vaccine Responses in the Elderly,3,https://www.ncbi.nlm.nih.gov/gap/?term=B and T Cell Determinants of Influenza Vaccine Responses in the Elderly
Benign Ethnic Neutropenia/Leukopenia (BEN) in African-Americans,3,https://www.ncbi.nlm.nih.gov/gap/?term=Benign Ethnic Neutropenia/Leukopenia (BEN) in African-Americans
Biology and Molecular Analysis of Human Hematopoiesis Genetics,3,https://www.ncbi.nlm.nih.gov/gap/?term=Biology and Molecular Analysis of Human Hematopoiesis Genetics
Bladder Cancer Clinical Cohorts,3,https://www.ncbi.nlm.nih.gov/gap/?term=Bladder Cancer Clinical Cohorts
Breakpoint Detection Using Long Insert Whole Genome Sequencing,3,https://www.ncbi.nlm.nih.gov/gap/?term=Breakpoint Detection Using Long Insert Whole Genome Sequencing
Breast Cancer Study,3,https://www.ncbi.nlm.nih.gov/gap/?term=Breast Cancer Study
BWH MS Genetic Collection,3,https://www.ncbi.nlm.nih.gov/gap/?term=BWH MS Genetic Collection
Cancer Genetic Markers of Susceptibility for Bladder Cancer (CGEMS Bladder),3,https://www.ncbi.nlm.nih.gov/gap/?term=Cancer Genetic Markers of Susceptibility for Bladder Cancer (CGEMS Bladder)
CGCI: HIV+ Tumor Molecular Characterization Project - Diffuse Large B-Cell Lymphoma (HTMCP - DLBCL),3,https://www.ncbi.nlm.nih.gov/gap/?term=CGCI: HIV+ Tumor Molecular Characterization Project - Diffuse Large B-Cell Lymphoma (HTMCP - DLBCL)
CGCI: HIV+ Tumor Molecular Characterization Project - Lung Cancer (HTMCP - LC),3,https://www.ncbi.nlm.nih.gov/gap/?term=CGCI: HIV+ Tumor Molecular Characterization Project - Lung Cancer (HTMCP - LC)
CGCI: Non-Hodgkin Lymphoma,3,https://www.ncbi.nlm.nih.gov/gap/?term=CGCI: Non-Hodgkin Lymphoma
CGEMS Breast Cancer GWAS,3,https://www.ncbi.nlm.nih.gov/gap/?term=CGEMS Breast Cancer GWAS
CGEMS Prostate Cancer GWAS - Stage 1 - PLCO,3,https://www.ncbi.nlm.nih.gov/gap/?term=CGEMS Prostate Cancer GWAS - Stage 1 - PLCO
Chromothripsis in Patient WHIM-09,3,https://www.ncbi.nlm.nih.gov/gap/?term=Chromothripsis in Patient WHIM-09
Ciliopathies Exome Sequencing Initiative,3,https://www.ncbi.nlm.nih.gov/gap/?term=Ciliopathies Exome Sequencing Initiative
Clonal Evolution of Pre-Leukemic HSC Precedes Human AML,3,https://www.ncbi.nlm.nih.gov/gap/?term=Clonal Evolution of Pre-Leukemic HSC Precedes Human AML
Cohort-Based Genome-Wide Association Study of Glioma (GliomaScan),3,https://www.ncbi.nlm.nih.gov/gap/?term=Cohort-Based Genome-Wide Association Study of Glioma (GliomaScan)
Collaborative Association Study of Psoriasis,3,https://www.ncbi.nlm.nih.gov/gap/?term=Collaborative Association Study of Psoriasis
Consanguinity and Rare Mutations Outside of MCCC Genes Underlie Non-Specific Phenotypes of MCC Deficiency,3,https://www.ncbi.nlm.nih.gov/gap/?term=Consanguinity and Rare Mutations Outside of MCCC Genes Underlie Non-Specific Phenotypes of MCC Deficiency
Copy Number Variation in Congenital Kidney Malformations,3,https://www.ncbi.nlm.nih.gov/gap/?term=Copy Number Variation in Congenital Kidney Malformations
DCEG Lung Cancer Study,3,https://www.ncbi.nlm.nih.gov/gap/?term=DCEG Lung Cancer Study
DFCI Colorectal Cancer Cohorts,3,https://www.ncbi.nlm.nih.gov/gap/?term=DFCI Colorectal Cancer Cohorts
Dobyns DBD,3,https://www.ncbi.nlm.nih.gov/gap/?term=Dobyns DBD
"Epi4K - Gene Discovery in 4,000 Epilepsy Genomes: Genetic Analyses in Epileptic Encephalopathies",3,"https://www.ncbi.nlm.nih.gov/gap/?term=Epi4K - Gene Discovery in 4,000 Epilepsy Genomes: Genetic Analyses in Epileptic Encephalopathies"
"Epi4K: Gene Discovery in 4,000 Epilepsy Genomes",3,"https://www.ncbi.nlm.nih.gov/gap/?term=Epi4K: Gene Discovery in 4,000 Epilepsy Genomes"
Epigenetic Profiling of Human Colorectal Cancer,3,https://www.ncbi.nlm.nih.gov/gap/?term=Epigenetic Profiling of Human Colorectal Cancer
Exome Sequencing of arPEO,3,https://www.ncbi.nlm.nih.gov/gap/?term=Exome Sequencing of arPEO
Exome Sequencing of Esophageal Adenocarcinoma,3,https://www.ncbi.nlm.nih.gov/gap/?term=Exome Sequencing of Esophageal Adenocarcinoma
Exome Sequencing of Pleuropulmonary Blastoma,3,https://www.ncbi.nlm.nih.gov/gap/?term=Exome Sequencing of Pleuropulmonary Blastoma
Family Genomics of Congenital Heart Defects,3,https://www.ncbi.nlm.nih.gov/gap/?term=Family Genomics of Congenital Heart Defects
Framingham SHARe Social Network,3,https://www.ncbi.nlm.nih.gov/gap/?term=Framingham SHARe Social Network
GDNF and Anxiety,3,https://www.ncbi.nlm.nih.gov/gap/?term=GDNF and Anxiety
Gene Mutation and Rescue in Congenital Diaphragmatic Hernia,3,https://www.ncbi.nlm.nih.gov/gap/?term=Gene Mutation and Rescue in Congenital Diaphragmatic Hernia
Genentech Whole Genome Sequencing of Four Hepatocellular Carcinoma Patients,3,https://www.ncbi.nlm.nih.gov/gap/?term=Genentech Whole Genome Sequencing of Four Hepatocellular Carcinoma Patients
Genetic Analysis of Hirschsprung Disease,3,https://www.ncbi.nlm.nih.gov/gap/?term=Genetic Analysis of Hirschsprung Disease
Genetic Defects in Familial Renal Disorders,3,https://www.ncbi.nlm.nih.gov/gap/?term=Genetic Defects in Familial Renal Disorders
Genetic Heterogeneity of Diffuse Large B Cell Lymphoma,3,https://www.ncbi.nlm.nih.gov/gap/?term=Genetic Heterogeneity of Diffuse Large B Cell Lymphoma
Genetic Modifiers of Huntington&#39;s Disease,3,https://www.ncbi.nlm.nih.gov/gap/?term=Genetic Modifiers of Huntington&#39;s Disease
Genetic Studies in the Hutterites: Microbiome Studies,3,https://www.ncbi.nlm.nih.gov/gap/?term=Genetic Studies in the Hutterites: Microbiome Studies
Genetics of High HDL Cholesterol,3,https://www.ncbi.nlm.nih.gov/gap/?term=Genetics of High HDL Cholesterol
Genetics of Human Developmental Brain Disorders,3,https://www.ncbi.nlm.nih.gov/gap/?term=Genetics of Human Developmental Brain Disorders
Genetics of Inherited Muscle Disease,3,https://www.ncbi.nlm.nih.gov/gap/?term=Genetics of Inherited Muscle Disease
Genetics of Lipid Lowering Drugs and Diet Network (GOLDN) Lipidomics Study,3,https://www.ncbi.nlm.nih.gov/gap/?term=Genetics of Lipid Lowering Drugs and Diet Network (GOLDN) Lipidomics Study
Genome-Wide Analysis of Chronic Lymphocytic Leukemia,3,https://www.ncbi.nlm.nih.gov/gap/?term=Genome-Wide Analysis of Chronic Lymphocytic Leukemia
Genome-Wide Association Studies in Upper Gastrointestinal Cancers (Asian),3,https://www.ncbi.nlm.nih.gov/gap/?term=Genome-Wide Association Studies in Upper Gastrointestinal Cancers (Asian)
Genome-Wide Association Study of Beh&#231;et&#39;s Disease (Turkish),3,https://www.ncbi.nlm.nih.gov/gap/?term=Genome-Wide Association Study of Beh&#231;et&#39;s Disease (Turkish)
Genome-Wide Association Study of Celiac Disease,3,https://www.ncbi.nlm.nih.gov/gap/?term=Genome-Wide Association Study of Celiac Disease
Genome Sequencing of Pancreatic Ductal Adenocarcinoma,3,https://www.ncbi.nlm.nih.gov/gap/?term=Genome Sequencing of Pancreatic Ductal Adenocarcinoma
"Genome wide association study of 24 hour urine composition in the Nurses&#39; Health Study, Nurses&#39; Health Study II, and the Health Professionals Follow-Up Study",3,"https://www.ncbi.nlm.nih.gov/gap/?term=Genome wide association study of 24 hour urine composition in the Nurses&#39; Health Study, Nurses&#39; Health Study II, and the Health Professionals Follow-Up Study"
Genomic Analysis of Pediatric Low Grade Gliomas,3,https://www.ncbi.nlm.nih.gov/gap/?term=Genomic Analysis of Pediatric Low Grade Gliomas
Genomic Characterization of Meningiomas,3,https://www.ncbi.nlm.nih.gov/gap/?term=Genomic Characterization of Meningiomas
Genomic Sequencing of Cervical Cancers,3,https://www.ncbi.nlm.nih.gov/gap/?term=Genomic Sequencing of Cervical Cancers
Genomic Sequencing of Pediatric Rhabdoid Cancers,3,https://www.ncbi.nlm.nih.gov/gap/?term=Genomic Sequencing of Pediatric Rhabdoid Cancers
Genotyping 400 Samples from the NIGMS Human Variation Panels,3,https://www.ncbi.nlm.nih.gov/gap/?term=Genotyping 400 Samples from the NIGMS Human Variation Panels
"Genotyping NIGMS CEPH Samples from the United States, Venezuela, and France",3,"https://www.ncbi.nlm.nih.gov/gap/?term=Genotyping NIGMS CEPH Samples from the United States, Venezuela, and France"
Genotyping NIGMS Chromosomal Aberration and Inherited Disorder Samples,3,https://www.ncbi.nlm.nih.gov/gap/?term=Genotyping NIGMS Chromosomal Aberration and Inherited Disorder Samples
GWAS in Fibrosing Interstitial Lung Disease,3,https://www.ncbi.nlm.nih.gov/gap/?term=GWAS in Fibrosing Interstitial Lung Disease
GWAS of Lung Cancer Susceptibility in Never-Smoking Women in Asia,3,https://www.ncbi.nlm.nih.gov/gap/?term=GWAS of Lung Cancer Susceptibility in Never-Smoking Women in Asia
HIV-1 Host Genetics Among Injection Drug Users,3,https://www.ncbi.nlm.nih.gov/gap/?term=HIV-1 Host Genetics Among Injection Drug Users
Hypertriglyceridemia Study in Mexicans,3,https://www.ncbi.nlm.nih.gov/gap/?term=Hypertriglyceridemia Study in Mexicans
Identification of Genes Involved in Familial Coronary Artery Disease,3,https://www.ncbi.nlm.nih.gov/gap/?term=Identification of Genes Involved in Familial Coronary Artery Disease
Jackson Heart Study Allelic Spectrum Project,3,https://www.ncbi.nlm.nih.gov/gap/?term=Jackson Heart Study Allelic Spectrum Project
Major Depression: Stage 1 Genomewide Association in Population-Based Samples,3,https://www.ncbi.nlm.nih.gov/gap/?term=Major Depression: Stage 1 Genomewide Association in Population-Based Samples
Mayo-Perlegen LEAPS (Linked Efforts to Accelerate Parkinson&#39;s Solutions) Collaboration,3,https://www.ncbi.nlm.nih.gov/gap/?term=Mayo-Perlegen LEAPS (Linked Efforts to Accelerate Parkinson&#39;s Solutions) Collaboration
Melanoma Genome Sequencing Project,3,https://www.ncbi.nlm.nih.gov/gap/?term=Melanoma Genome Sequencing Project
Metabolism and Genetics of Hypobetalipoproteinemia,3,https://www.ncbi.nlm.nih.gov/gap/?term=Metabolism and Genetics of Hypobetalipoproteinemia
Metagenomic Study of the Human Skin Microbiome Associated with Acne,3,https://www.ncbi.nlm.nih.gov/gap/?term=Metagenomic Study of the Human Skin Microbiome Associated with Acne
miRNA profiles in serum and CSF of Parkinson&#39;s and Alzheimer&#39;s patients,3,https://www.ncbi.nlm.nih.gov/gap/?term=miRNA profiles in serum and CSF of Parkinson&#39;s and Alzheimer&#39;s patients
MitoExome Sequencing of Mitochondrial OXPHOS Diseases (MGH),3,https://www.ncbi.nlm.nih.gov/gap/?term=MitoExome Sequencing of Mitochondrial OXPHOS Diseases (MGH)
Molecular Defects in Pseudohypoparathyroidism or Related Disorders,3,https://www.ncbi.nlm.nih.gov/gap/?term=Molecular Defects in Pseudohypoparathyroidism or Related Disorders
Molecular Genetic Analysis of Inherited Kidney Dysfunction,3,https://www.ncbi.nlm.nih.gov/gap/?term=Molecular Genetic Analysis of Inherited Kidney Dysfunction
Molecular Profiling of Cancer,3,https://www.ncbi.nlm.nih.gov/gap/?term=Molecular Profiling of Cancer
NAB2-STAT6 Gene Fusions in Solitary Fibrous Tumor by Integrative Sequencing,3,https://www.ncbi.nlm.nih.gov/gap/?term=NAB2-STAT6 Gene Fusions in Solitary Fibrous Tumor by Integrative Sequencing
NCI Genome-Wide Association Study of Renal Cell Carcinoma,3,https://www.ncbi.nlm.nih.gov/gap/?term=NCI Genome-Wide Association Study of Renal Cell Carcinoma
Next Generation Mendelian Genetics: Familial Hemophagocytic Lymphohistiocytosis,3,https://www.ncbi.nlm.nih.gov/gap/?term=Next Generation Mendelian Genetics: Familial Hemophagocytic Lymphohistiocytosis
NHLBI GO-ESP: Family Studies (Familial Interstitial Pneumonia),3,https://www.ncbi.nlm.nih.gov/gap/?term=NHLBI GO-ESP: Family Studies (Familial Interstitial Pneumonia)
NIA - Late Onset Alzheimer&#39;s Disease and National Cell Repository for Alzheimer&#39;s Disease Family Study: Genome-Wide Association Study for Susceptibility Loci,3,https://www.ncbi.nlm.nih.gov/gap/?term=NIA - Late Onset Alzheimer&#39;s Disease and National Cell Repository for Alzheimer&#39;s Disease Family Study: Genome-Wide Association Study for Susceptibility Loci
NIDDK Drug-Induced Liver Injury Network (DILIN),3,https://www.ncbi.nlm.nih.gov/gap/?term=NIDDK Drug-Induced Liver Injury Network (DILIN)
NIDDK IBD Genetics Consortium Ulcerative Colitis Genome-Wide Association Study,3,https://www.ncbi.nlm.nih.gov/gap/?term=NIDDK IBD Genetics Consortium Ulcerative Colitis Genome-Wide Association Study
NIDDK IBDGC Crohn&#39;s Disease Genome-Wide Association Study,3,https://www.ncbi.nlm.nih.gov/gap/?term=NIDDK IBDGC Crohn&#39;s Disease Genome-Wide Association Study
Oncogenomics of Malignant Peripheral Nerve Sheath Tumors,3,https://www.ncbi.nlm.nih.gov/gap/?term=Oncogenomics of Malignant Peripheral Nerve Sheath Tumors
Osteosarcoma Genome-wide Association Study,3,https://www.ncbi.nlm.nih.gov/gap/?term=Osteosarcoma Genome-wide Association Study
Paired AML Epigenetics Study on Clonality,3,https://www.ncbi.nlm.nih.gov/gap/?term=Paired AML Epigenetics Study on Clonality
Pancreatic Cancer Cohort and Case-Control Consortium (PanScan),3,https://www.ncbi.nlm.nih.gov/gap/?term=Pancreatic Cancer Cohort and Case-Control Consortium (PanScan)
Pilocytic Astrocytoma in NF1,3,https://www.ncbi.nlm.nih.gov/gap/?term=Pilocytic Astrocytoma in NF1
POPRES: Population Reference Sample,3,https://www.ncbi.nlm.nih.gov/gap/?term=POPRES: Population Reference Sample
RAD50 Hypomorphism as Basis for Response to Chemotherapy,3,https://www.ncbi.nlm.nih.gov/gap/?term=RAD50 Hypomorphism as Basis for Response to Chemotherapy
Rapid Whole Genome Sequencing for Genetic Disease Diagnosis in the NICU,3,https://www.ncbi.nlm.nih.gov/gap/?term=Rapid Whole Genome Sequencing for Genetic Disease Diagnosis in the NICU
Rare Mendelian Disease in Old Order Amish and Mennonite Patients,3,https://www.ncbi.nlm.nih.gov/gap/?term=Rare Mendelian Disease in Old Order Amish and Mennonite Patients
Retrotransposition in Colorectal Cancer,3,https://www.ncbi.nlm.nih.gov/gap/?term=Retrotransposition in Colorectal Cancer
RM Epigenomics Program - Broad_Alz_and_Age-Related,3,https://www.ncbi.nlm.nih.gov/gap/?term=RM Epigenomics Program - Broad_Alz_and_Age-Related
RNAseq analysis of posterior cingulate astrocytes in Alzheimer&#39;s disease,3,https://www.ncbi.nlm.nih.gov/gap/?term=RNAseq analysis of posterior cingulate astrocytes in Alzheimer&#39;s disease
SardiNIA Medical Sequencing Discovery Project,3,https://www.ncbi.nlm.nih.gov/gap/?term=SardiNIA Medical Sequencing Discovery Project
Sequence Analysis of Mutations and Translocations Across Breast Cancer Subtypes,3,https://www.ncbi.nlm.nih.gov/gap/?term=Sequence Analysis of Mutations and Translocations Across Breast Cancer Subtypes
Sequencing of ETP T-ALL,3,https://www.ncbi.nlm.nih.gov/gap/?term=Sequencing of ETP T-ALL
Sequencing of Medulloblastoma,3,https://www.ncbi.nlm.nih.gov/gap/?term=Sequencing of Medulloblastoma
Sequencing of Retinoblastoma,3,https://www.ncbi.nlm.nih.gov/gap/?term=Sequencing of Retinoblastoma
Small Intestine Neuroendocrine Tumors (Carcinoid Tumors),3,https://www.ncbi.nlm.nih.gov/gap/?term=Small Intestine Neuroendocrine Tumors (Carcinoid Tumors)
Somatic Mutations in Variant and IGHV4-34 Expressing Hairy Cell Leukemia,3,https://www.ncbi.nlm.nih.gov/gap/?term=Somatic Mutations in Variant and IGHV4-34 Expressing Hairy Cell Leukemia
Spatiotemporal Transcriptome of the Human Brain,3,https://www.ncbi.nlm.nih.gov/gap/?term=Spatiotemporal Transcriptome of the Human Brain
Spectrum of Mutations in Myeloid Neoplasms,3,https://www.ncbi.nlm.nih.gov/gap/?term=Spectrum of Mutations in Myeloid Neoplasms
"Strabismus, CCDD and Other Anomalies",3,"https://www.ncbi.nlm.nih.gov/gap/?term=Strabismus, CCDD and Other Anomalies"
Study of Adaptation to Hypoxia in Ethiopian Highlanders,3,https://www.ncbi.nlm.nih.gov/gap/?term=Study of Adaptation to Hypoxia in Ethiopian Highlanders
Study of Irish Amyotrophic Lateral Sclerosis (SIALS),3,https://www.ncbi.nlm.nih.gov/gap/?term=Study of Irish Amyotrophic Lateral Sclerosis (SIALS)
Sweden-Schizophrenia Population-Based Case-Control Exome Sequencing,3,https://www.ncbi.nlm.nih.gov/gap/?term=Sweden-Schizophrenia Population-Based Case-Control Exome Sequencing
TARGET: Acute Myeloid Leukemia (AML),3,https://www.ncbi.nlm.nih.gov/gap/?term=TARGET: Acute Myeloid Leukemia (AML)
"TARGET: Acute Myeloid Leukemia (AML), Induction Failure Subproject",3,"https://www.ncbi.nlm.nih.gov/gap/?term=TARGET: Acute Myeloid Leukemia (AML), Induction Failure Subproject"
TARGET: Cancer Model Systems (MDLS): Cell Lines and Xenografts (including PPTP),3,https://www.ncbi.nlm.nih.gov/gap/?term=TARGET: Cancer Model Systems (MDLS): Cell Lines and Xenografts (including PPTP)
"TARGET: Kidney, Clear Cell Sarcoma of the Kidney (CCSK)",3,"https://www.ncbi.nlm.nih.gov/gap/?term=TARGET: Kidney, Clear Cell Sarcoma of the Kidney (CCSK)"
"TARGET: Kidney, Rhabdoid Tumor (RT)",3,"https://www.ncbi.nlm.nih.gov/gap/?term=TARGET: Kidney, Rhabdoid Tumor (RT)"
"TARGET: Kidney, Wilms Tumor (WT)",3,"https://www.ncbi.nlm.nih.gov/gap/?term=TARGET: Kidney, Wilms Tumor (WT)"
TARGET: Osteosarcoma (OS),3,https://www.ncbi.nlm.nih.gov/gap/?term=TARGET: Osteosarcoma (OS)
The Genetic Basis of Hypodiploid ALL,3,https://www.ncbi.nlm.nih.gov/gap/?term=The Genetic Basis of Hypodiploid ALL
The Genetic Landscape of Mutations in Burkitt Lymphoma,3,https://www.ncbi.nlm.nih.gov/gap/?term=The Genetic Landscape of Mutations in Burkitt Lymphoma
The Human Gut Microbiome and Recurrent Abdominal Pain in Children,3,https://www.ncbi.nlm.nih.gov/gap/?term=The Human Gut Microbiome and Recurrent Abdominal Pain in Children
The Molecular Basis of Inherited Reproductive Disorders,3,https://www.ncbi.nlm.nih.gov/gap/?term=The Molecular Basis of Inherited Reproductive Disorders
The mutational characterization of adenoid cystic carcinoma,3,https://www.ncbi.nlm.nih.gov/gap/?term=The mutational characterization of adenoid cystic carcinoma
The UC San Diego Chronic Lymphocytic Leukemia (CLL) Study,3,https://www.ncbi.nlm.nih.gov/gap/?term=The UC San Diego Chronic Lymphocytic Leukemia (CLL) Study
Transcriptome Sequencing of Pediatric AML FAB-M7,3,https://www.ncbi.nlm.nih.gov/gap/?term=Transcriptome Sequencing of Pediatric AML FAB-M7
"Treatment of Genetic Screening of Hypertriglyceridemia type I, III, and V - HTG Amsterdam",3,"https://www.ncbi.nlm.nih.gov/gap/?term=Treatment of Genetic Screening of Hypertriglyceridemia type I, III, and V - HTG Amsterdam"
Tyrosine Kinase Mutations in Endometrial Cancer,3,https://www.ncbi.nlm.nih.gov/gap/?term=Tyrosine Kinase Mutations in Endometrial Cancer
VitGene Generalized Vitiligo Genetics Study,3,https://www.ncbi.nlm.nih.gov/gap/?term=VitGene Generalized Vitiligo Genetics Study
Whole-genome sequencing in multiplex epilepsy families,3,https://www.ncbi.nlm.nih.gov/gap/?term=Whole-genome sequencing in multiplex epilepsy families
Whole Exome Sequencing in Familial Parkinson Disease,3,https://www.ncbi.nlm.nih.gov/gap/?term=Whole Exome Sequencing in Familial Parkinson Disease
Whole Exome Sequencing of Chronic Lymphocytic Leukemia,3,https://www.ncbi.nlm.nih.gov/gap/?term=Whole Exome Sequencing of Chronic Lymphocytic Leukemia
Whole Exome Sequencing of Diffuse Large B-Cell Lymphoma,3,https://www.ncbi.nlm.nih.gov/gap/?term=Whole Exome Sequencing of Diffuse Large B-Cell Lymphoma
Yale Center for Mendelian Genomics (Y CMG),3,https://www.ncbi.nlm.nih.gov/gap/?term=Yale Center for Mendelian Genomics (Y CMG)
Appraisal of Whole Exome Sequencing Methods,2,https://www.ncbi.nlm.nih.gov/gap/?term=Appraisal of Whole Exome Sequencing Methods
Baylor Hopkins Center for Mendelian Genomics (BH CMG),2,https://www.ncbi.nlm.nih.gov/gap/?term=Baylor Hopkins Center for Mendelian Genomics (BH CMG)
CIP: Differential Response to Hydroxyurea and Incidence of Stroke in Sickle Cell Disease,2,https://www.ncbi.nlm.nih.gov/gap/?term=CIP: Differential Response to Hydroxyurea and Incidence of Stroke in Sickle Cell Disease
Genetics of Cerebral Hemorrhage with Anticoagulation (GOCHA),2,https://www.ncbi.nlm.nih.gov/gap/?term=Genetics of Cerebral Hemorrhage with Anticoagulation (GOCHA)
IMSGC Genome Wide Association Study of Multiple Sclerosis,2,https://www.ncbi.nlm.nih.gov/gap/?term=IMSGC Genome Wide Association Study of Multiple Sclerosis
Whole Genome Bisulfite Sequencing of ccf DNA and its Cellular Contributors,2,https://www.ncbi.nlm.nih.gov/gap/?term=Whole Genome Bisulfite Sequencing of ccf DNA and its Cellular Contributors
Age related Macular Degeneration - MMAP Cohort: Association and Sequencing Studies,1,https://www.ncbi.nlm.nih.gov/gap/?term=Age related Macular Degeneration - MMAP Cohort: Association and Sequencing Studies
Building on GWAS for NHLBI-Diseases : the U.S. CHARGE Consortium (CHARGE-S): ARIC,1,https://www.ncbi.nlm.nih.gov/gap/?term=Building on GWAS for NHLBI-Diseases : the U.S. CHARGE Consortium (CHARGE-S): ARIC
Building on GWAS: the U.S. CHARGE consortium - Sequencing (CHARGE-S): FHS,1,https://www.ncbi.nlm.nih.gov/gap/?term=Building on GWAS: the U.S. CHARGE consortium - Sequencing (CHARGE-S): FHS
CATHGEN: Genetic Mediators of Metabolic Cardiovascular Disease Risk,1,https://www.ncbi.nlm.nih.gov/gap/?term=CATHGEN: Genetic Mediators of Metabolic Cardiovascular Disease Risk
CATHGEN: Identification of Novel Genetic and Metabolomic CV Phenotypes,1,https://www.ncbi.nlm.nih.gov/gap/?term=CATHGEN: Identification of Novel Genetic and Metabolomic CV Phenotypes
Gene expression in CAD,1,https://www.ncbi.nlm.nih.gov/gap/?term=Gene expression in CAD
Genetic Predictors of Adverse Radiotherapy Effects (Gene-PARE),1,https://www.ncbi.nlm.nih.gov/gap/?term=Genetic Predictors of Adverse Radiotherapy Effects (Gene-PARE)
Genome-Wide Association Analysis of Biomarkers in the InCHIANTI and BLSA,1,https://www.ncbi.nlm.nih.gov/gap/?term=Genome-Wide Association Analysis of Biomarkers in the InCHIANTI and BLSA
Genome Wide Association Studies in ECOG 2997 Trial,1,https://www.ncbi.nlm.nih.gov/gap/?term=Genome Wide Association Studies in ECOG 2997 Trial
Germline Sequencing for Aggressive Prostate Carcinoma,1,https://www.ncbi.nlm.nih.gov/gap/?term=Germline Sequencing for Aggressive Prostate Carcinoma
Human Responses to Influenza Vaccination,1,https://www.ncbi.nlm.nih.gov/gap/?term=Human Responses to Influenza Vaccination
IgA Nephropathy GWAS (IGANGWAS),1,https://www.ncbi.nlm.nih.gov/gap/?term=IgA Nephropathy GWAS (IGANGWAS)
National Children&#39;s Study Vanguard Study Formative Research Study (NCS),1,https://www.ncbi.nlm.nih.gov/gap/?term=National Children&#39;s Study Vanguard Study Formative Research Study (NCS)
Next Generation Mendelian Genetics: Atypical Werner Syndrome,1,https://www.ncbi.nlm.nih.gov/gap/?term=Next Generation Mendelian Genetics: Atypical Werner Syndrome
Next Generation Mendelian Genetics: Congenital Hyperinsulinism,1,https://www.ncbi.nlm.nih.gov/gap/?term=Next Generation Mendelian Genetics: Congenital Hyperinsulinism
Next Generation Mendelian Genetics: Familial Combined Hyperlipidemia,1,https://www.ncbi.nlm.nih.gov/gap/?term=Next Generation Mendelian Genetics: Familial Combined Hyperlipidemia
Next Generation Mendelian Genetics: Malignant Hyperthermia,1,https://www.ncbi.nlm.nih.gov/gap/?term=Next Generation Mendelian Genetics: Malignant Hyperthermia
Next Generation Mendelian Genetics: Muscle Hypertrophy,1,https://www.ncbi.nlm.nih.gov/gap/?term=Next Generation Mendelian Genetics: Muscle Hypertrophy
Next Generation Mendelian Genetics: Neonatal Diabetes,1,https://www.ncbi.nlm.nih.gov/gap/?term=Next Generation Mendelian Genetics: Neonatal Diabetes
NHLBI GO-ESP: Lung Cohorts Exome Sequencing Project (COPDGene),1,https://www.ncbi.nlm.nih.gov/gap/?term=NHLBI GO-ESP: Lung Cohorts Exome Sequencing Project (COPDGene)
NHLBI GO-ESP: Lung Cohorts Exome Sequencing Project (Pulmonary Arterial Hypertension),1,https://www.ncbi.nlm.nih.gov/gap/?term=NHLBI GO-ESP: Lung Cohorts Exome Sequencing Project (Pulmonary Arterial Hypertension)
Responses to Varicella Zoster Virus Vaccination,1,https://www.ncbi.nlm.nih.gov/gap/?term=Responses to Varicella Zoster Virus Vaccination
Single Cell Analysis Program - Transcriptome (SCAP-T),1,https://www.ncbi.nlm.nih.gov/gap/?term=Single Cell Analysis Program - Transcriptome (SCAP-T)
SNPs and Extent of Atherosclerosis (SEA) Study,1,https://www.ncbi.nlm.nih.gov/gap/?term=SNPs and Extent of Atherosclerosis (SEA) Study
"T1DGC: Genome-Wide Association Study in Type 1 Diabetes, 2008",1,"https://www.ncbi.nlm.nih.gov/gap/?term=T1DGC: Genome-Wide Association Study in Type 1 Diabetes, 2008"
The Placenta Harbors a Unique Microbiome,1,https://www.ncbi.nlm.nih.gov/gap/?term=The Placenta Harbors a Unique Microbiome
University of Washington Center for Mendelian Genomics (UW CMG),1,https://www.ncbi.nlm.nih.gov/gap/?term=University of Washington Center for Mendelian Genomics (UW CMG)
Whole Exome and Transcriptome Sequencing in Sporadic ALS,1,https://www.ncbi.nlm.nih.gov/gap/?term=Whole Exome and Transcriptome Sequencing in Sporadic ALS
